{
    "512": {
        "per_tensor_8b": {
            "mean_jac_top50_l2": 0.38964200019836426,
            "mean_jac_top50_kl": 0.4174233376979828,
            "mean_jac_rand50": 0.40644213557243347,
            "mean_fish_top50_l2": 1.4628935787186492e-05,
            "mean_fish_top50_kl": 1.1312613423797302e-05,
            "mean_fish_rand50": 6.57158852845896e-06,
            "correlations": {
                "pearson_l2_jac": -0.17423268201062778,
                "pearson_kl_jac": 0.016026361349166462,
                "pearson_l2_fish": 0.3901528277022208,
                "pearson_kl_fish": 0.10228323103294201,
                "spearman_l2_jac": -0.13802476725489524,
                "spearman_kl_jac": 0.20432164634271482,
                "spearman_l2_fish": 0.6438728992858859,
                "spearman_kl_fish": -0.1745135930452155
            }
        },
        "per_tensor_6b": {
            "mean_jac_top50_l2": 0.42746609449386597,
            "mean_jac_top50_kl": 0.511776864528656,
            "mean_jac_rand50": 0.40644213557243347,
            "mean_fish_top50_l2": 1.5480158253922127e-05,
            "mean_fish_top50_kl": 1.2388989489409141e-05,
            "mean_fish_rand50": 6.57158852845896e-06,
            "correlations": {
                "pearson_l2_jac": -0.06163500221290949,
                "pearson_kl_jac": -0.007125889832228709,
                "pearson_l2_fish": 0.7304565594232769,
                "pearson_kl_fish": 0.6073850144134425,
                "spearman_l2_jac": 0.041378238690333136,
                "spearman_kl_jac": 0.2889723514251621,
                "spearman_l2_fish": 0.7721659492624254,
                "spearman_kl_fish": 0.0892690194041748
            }
        },
        "per_tensor_4b": {
            "mean_jac_top50_l2": 0.5014885067939758,
            "mean_jac_top50_kl": 0.49860477447509766,
            "mean_jac_rand50": 0.40644213557243347,
            "mean_fish_top50_l2": 1.4288923921412788e-05,
            "mean_fish_top50_kl": 1.3601529644802213e-05,
            "mean_fish_rand50": 6.57158852845896e-06,
            "correlations": {
                "pearson_l2_jac": 0.18737394047765585,
                "pearson_kl_jac": 0.007652548645185379,
                "pearson_l2_fish": 0.726918868533531,
                "pearson_kl_fish": 0.6360900645240034,
                "spearman_l2_jac": 0.4730304642885753,
                "spearman_kl_jac": 0.3982091003242259,
                "spearman_l2_fish": 0.5569917945548803,
                "spearman_kl_fish": -0.1533648451752561
            }
        },
        "per_tensor_2b": {
            "mean_jac_top50_l2": 0.5219737887382507,
            "mean_jac_top50_kl": 0.48467400670051575,
            "mean_jac_rand50": 0.40644213557243347,
            "mean_fish_top50_l2": 1.394518039887771e-05,
            "mean_fish_top50_kl": 1.3553624739870429e-05,
            "mean_fish_rand50": 6.57158852845896e-06,
            "correlations": {
                "pearson_l2_jac": 0.3738679273143058,
                "pearson_kl_jac": 0.010249034135465077,
                "pearson_l2_fish": 0.5187050613973668,
                "pearson_kl_fish": 0.6360834056667988,
                "spearman_l2_jac": 0.5292800887778808,
                "spearman_kl_jac": 0.4373277916327521,
                "spearman_l2_fish": 0.568244866589991,
                "spearman_kl_fish": -0.14028637369016475
            }
        },
        "per_feature_8b": {
            "mean_jac_top50_l2": 0.4760878384113312,
            "mean_jac_top50_kl": 0.39228135347366333,
            "mean_jac_rand50": 0.40644213557243347,
            "mean_fish_top50_l2": 1.2878752386313863e-05,
            "mean_fish_top50_kl": 8.667961083119735e-06,
            "mean_fish_rand50": 6.57158852845896e-06,
            "correlations": {
                "pearson_l2_jac": -0.014202386318433489,
                "pearson_kl_jac": -0.03571949617582042,
                "pearson_l2_fish": 0.6022024301495904,
                "pearson_kl_fish": 0.595802772742806,
                "spearman_l2_jac": 0.09498167507810622,
                "spearman_kl_jac": 0.02421693264700265,
                "spearman_l2_fish": 0.2822427787505293,
                "spearman_kl_fish": -0.0008323931684425496
            }
        },
        "per_feature_6b": {
            "mean_jac_top50_l2": 0.5129581689834595,
            "mean_jac_top50_kl": 0.41404369473457336,
            "mean_jac_rand50": 0.40644213557243347,
            "mean_fish_top50_l2": 1.3315862815943547e-05,
            "mean_fish_top50_kl": 1.2238263479957823e-05,
            "mean_fish_rand50": 6.57158852845896e-06,
            "correlations": {
                "pearson_l2_jac": -0.01653562338771106,
                "pearson_kl_jac": -0.03526430939747578,
                "pearson_l2_fish": 0.6031367189118677,
                "pearson_kl_fish": 0.5957753719875605,
                "spearman_l2_jac": 0.12916217841979377,
                "spearman_kl_jac": 0.06646901697934027,
                "spearman_l2_fish": 0.2620366376843936,
                "spearman_kl_fish": -0.0219666178143216
            }
        },
        "per_feature_4b": {
            "mean_jac_top50_l2": 0.5080439448356628,
            "mean_jac_top50_kl": 0.41395702958106995,
            "mean_jac_rand50": 0.40644213557243347,
            "mean_fish_top50_l2": 1.3212000339990482e-05,
            "mean_fish_top50_kl": 1.2627028809220064e-05,
            "mean_fish_rand50": 6.57158852845896e-06,
            "correlations": {
                "pearson_l2_jac": -0.01775351546191651,
                "pearson_kl_jac": -0.0351563412233213,
                "pearson_l2_fish": 0.6034810029192788,
                "pearson_kl_fish": 0.5958273099190547,
                "spearman_l2_jac": 0.1405553517068928,
                "spearman_kl_jac": 0.09306208709797356,
                "spearman_l2_fish": 0.23548633284123552,
                "spearman_kl_fish": -0.04928758376391132
            }
        },
        "per_feature_2b": {
            "mean_jac_top50_l2": 0.4739501476287842,
            "mean_jac_top50_kl": 0.4500609338283539,
            "mean_jac_rand50": 0.40644213557243347,
            "mean_fish_top50_l2": 1.3852937627234496e-05,
            "mean_fish_top50_kl": 1.0656322956492659e-05,
            "mean_fish_rand50": 6.57158852845896e-06,
            "correlations": {
                "pearson_l2_jac": -0.022635838454671816,
                "pearson_kl_jac": -0.03502567532367126,
                "pearson_l2_fish": 0.6351529201737365,
                "pearson_kl_fish": 0.5965250840422599,
                "spearman_l2_jac": 0.06221622120369417,
                "spearman_kl_jac": 0.10489819403938068,
                "spearman_l2_fish": 0.47878293049976534,
                "spearman_kl_fish": 0.0297746438075627
            }
        }
    },
    "1024": {
        "per_tensor_8b": {
            "mean_jac_top50_l2": 0.4250939190387726,
            "mean_jac_top50_kl": 0.4270300567150116,
            "mean_jac_rand50": 0.4280869960784912,
            "mean_fish_top50_l2": 1.2475927178456914e-05,
            "mean_fish_top50_kl": 6.086206212785328e-06,
            "mean_fish_rand50": 3.4378097097942373e-06,
            "correlations": {
                "pearson_l2_jac": -0.028140694986260272,
                "pearson_kl_jac": -0.022949849051855695,
                "pearson_l2_fish": 0.3744782698556056,
                "pearson_kl_fish": 0.06921020919751845,
                "spearman_l2_jac": 0.019609659984979613,
                "spearman_kl_jac": 0.08940417146330755,
                "spearman_l2_fish": 0.8054506785995279,
                "spearman_kl_fish": -0.01094384708725161
            }
        },
        "per_tensor_6b": {
            "mean_jac_top50_l2": 0.41498592495918274,
            "mean_jac_top50_kl": 0.4788181781768799,
            "mean_jac_rand50": 0.4280869960784912,
            "mean_fish_top50_l2": 1.3564676919486374e-05,